Segment,Count,Percentage,Accuracy,F1_Score
1000+,2505,82.1311475409836,0.36447105788423156,0.4029889249000323
0-100,196,6.4262295081967205,0.4846938775510204,0.5353819241982507
500-1000,191,6.262295081967213,0.5130890052356021,0.5719705592230063
100-500,158,5.180327868852459,0.4430379746835443,0.5140168715704029
